0,https://live.staticflickr.com/7456/10630025203_afe5fc85b5_z.jpg
1,https://live.staticflickr.com/3626/3470701849_320ec726e2_c.jpg
2,https://live.staticflickr.com/6119/6342780982_5174478d2b_c.jpg
3,https://live.staticflickr.com/1114/637063719_6724855f39_c.jpg
4,https://live.staticflickr.com/2537/4210116108_bdb1eef7ab_c.jpg
5,https://live.staticflickr.com/3543/3471517538_9929770935_c.jpg
6,https://live.staticflickr.com/213/508499271_9c530ea0f7_c.jpg
7,https://live.staticflickr.com/5161/5377485227_99894b9918_n.jpg
8,https://live.staticflickr.com/11/11817474_ade50e8043_c.jpg
9,https://live.staticflickr.com/1059/1289105660_21489b945b_c.jpg
10,https://live.staticflickr.com/1257/756236850_e162f35ab5_c.jpg
11,https://live.staticflickr.com/4514/37129317410_f0a01239a7_c.jpg
12,https://live.staticflickr.com/2233/2106544202_297ed9564e_c.jpg
13,https://live.staticflickr.com/2927/33132904086_2f0800973f_c.jpg
14,https://live.staticflickr.com/534/32359160763_cbe3f3b51c_c.jpg
15,https://live.staticflickr.com/17/20954036_51c1a7fb96_c.jpg
16,https://live.staticflickr.com/2361/2267539000_c3fbd36efe_c.jpg
17,https://live.staticflickr.com/2238/5805801643_904c372753_c.jpg
18,https://live.staticflickr.com/1766/43273272351_630c8fbf69_c.jpg
19,https://live.staticflickr.com/4147/5078209573_a21f1f648e_c.jpg
